first_name,last_name,email
Liam,Smith,liam.smith1@example.com
Noah,Smith,noah.smith2@example.com
Oliver,Smith,oliver.smith3@example.com
Elijah,Smith,elijah-smith4@example.com
James,Smith,james.smith5@example.com
William,Smith,william-smith6@example.com
Benjamin-Smith,benjamin.smith7@example.com
Lucas,Smith,lucas.smith8@example.com
Henry,Smith,henry.smith9@example.com
Alexander,Smith,alexander.smith10@example.com
Olivia,Smith,olivia.smith11@example.com
Emma,Smith,emma.smith12@example.com
Charlotte,Smith,charlotte.smith13@example.com
Amelia,Smith,amelia.smith14@example.com
Sophia,Smith,sophia.smith15@example.com
Isabella,Smith,isabella.smith16@example.com
Mia,Smith,mia.smith17@example.com
Evelyn,Smith,evelyn.smith18@example.com
Harper,Smith,harper.smith19@example.com
Ella,Smith,ella.smith20@example.com


